headline,videolink
Python Tutorial: Zip Files – Creating and Extracting Zip Archives,http://youtube.com/watch?v=z0gguhEmWiY
Python Data Science Tutorial: Analyzing the 2019 Stack Overflow Developer Survey,http://youtube.com/watch?v=_P7X8tMplsw
Python Multiprocessing Tutorial: Run Code in Parallel Using the Multiprocessing Module,http://youtube.com/watch?v=fKl2JW_qrso
Python Threading Tutorial: Run Code Concurrently Using the Threading Module,http://youtube.com/watch?v=IEEhzQoKtQU
Errorhere,Errorhere
Python Quick Tip: The Difference Between “==” and “is” (Equality vs Identity),http://youtube.com/watch?v=mO_dS3rXDIs
Python Tutorial: Calling External Commands Using the Subprocess Module,http://youtube.com/watch?v=2Fp1N6dof0Y
Visual Studio Code (Windows) – Setting up a Python Development Environment and Complete Overview,http://youtube.com/watch?v=-nh9rCzPJ20
Visual Studio Code (Mac) – Setting up a Python Development Environment and Complete Overview,http://youtube.com/watch?v=06I63_p-2A4
Clarifying the Issues with Mutable Default Arguments,http://youtube.com/watch?v=_JGmemuINww
